n,p,ncpus,nthreads,seed,num_clusters,max_cluster,rperc,cperc,init_time,perc_time,tjoin_time,recv_time,pjoin_time,total_time
10000,0.300000,4,28,1666527041,12811224,62,0,0,4.257734,13.038072,11.055977,8.294687,1.443501,41.700089
15000,0.300000,4,28,1666527502,28839072,66,0,0,9.489420,41.360840,26.334057,15.866182,3.319367,106.389007
15000,0.300000,4,28,1666527186,28833071,67,0,0,9.504826,41.345571,25.587082,18.008552,3.466260,107.964032
15000,0.300000,4,28,1666527358,28828108,66,0,0,9.538105,41.441578,26.503071,15.864901,3.422961,106.749473
20000,0.300000,4,28,1666527687,51268805,73,0,0,16.905173,95.482265,45.188184,32.554769,5.974766,213.674182
25000,0.300000,4,28,1666538834,80100000,77,0,0,26.600482,184.667151,73.779816,48.263773,9.820162,370.694997
