n,p,ncpus,nthreads,seed,num_clusters,max_cluster,rperc,cperc,init_time,perc_time,tjoin_time,recv_time,pjoin_time,scan_time,total_time
8000,0.750000,3,1,784172,220561,47707246,1,1,2.830031,4.032351,0.007897,1.703709,0.272520,10.785221
8000,0.750000,2,1,784172,220561,47707246,1,1,2.650567,5.949837,0.006703,2.535827,0.186025,14.039767
8000,0.750000,1,1,784172,220561,47707246,1,1,2.505242,12.404148,0.013295,0.000000,0.000000,20.822296
8000,0.750000,4,1,784172,220561,47707246,1,1,2.853792,3.089260,0.019358,1.186729,0.352856,11.135172
